ID,Post,Label
1,Sarah Silverman: Killing Jesus,Mixture
2,Can a Cattle Vaccine Be Used To Fight COVID-19?,FALSE
3,"At 191 Years Old, Mama Esifiho May be Oldest Woman Alive",Mixture
4,Customer Reports Finding Rat Head in Popeyes Chicken,Mixture
5,New York Police Officer Caught on Camera Raping Girl?,Mixture
6,Teenage Arizona Couple Moves Out of Chicago After Just One Day Because of Assault?,Mixture
7,Can a Negative COVID Test Result 'Clear' People for Holiday Gatherings?,Mixture
8,Did the CDC Allege Anyone Entering a Hospital is ID'ed as a COVID-19 Case?,Mixture
9,Amish Dobergoat Fighting Ring Busted!,FALSE
10,Diabetes Vaccine Announced?,FALSE
11,S.C. High School Bans American Flag from Football Games,Mixture
12,Authorities Authorize the Public to Legally Shoot and Kill Suspicious Clowns,FALSE
13,Are Non-Respirator Masks Ineffective at Protecting Against COVID-19?,FALSE
14,Did Betsy DeVos Say Schools Can’t Plan for a COVID-19 Outbreak That 'Hasn’t Happened Yet'?,Mixture
15,Are These Vegan Foods Left Unsold During the COVID-19 Pandemic?,FALSE
16,WikiLeaks Confirms Hillary Clinton Sold Weapons to ISIS?,Mixture
17,Do Muscular Cows Demonstrate Genetic Engineering Potential?,Mixture
18,U.S. Gymnastics Coaches Bela and Marta Karolyi Were Illegal Immigrants?,FALSE
19,Is This 'Shaun of the Dead' Meme Mocking Real Ohio Protesters?,TRUE
20,Will Ticketmaster Require Event Attendees To Provide Proof of Negative COVID-19 Test?,Mixture
21,#SaveTwitter? Social Media Network Not Shutting Down in 2017,FALSE
22,"No, This Is Not a Phone Number for Tracking Your Coronavirus Stimulus Payments",FALSE
23,Betty White Death Hoax,FALSE
24,Deceased FBI Agent Found at Trump Tower with Silenced Pistol,FALSE
25,Malawian Minister Sent Pornographic Video to BeyoncÃ©?,Mixture
26,Is This McDonald's COVID-19 Sign Real?,TRUE
27,Obama Signs Executive Order Allowing Military to Fight US Citizens,FALSE
28,Did a Phone Service Outage Enable COVID-19 Tracking Apps To Be Placed in Phones?,Mixture
29,Did Chelsea Clinton Say That Marijuana Is Killing People?,Mixture
30,Did Biden Say 120 Million People Had Died from COVID-19?,Mixture
31,Is This a Real Message Displayed at a COVID-19 Anti-Lockdown Protest?,TRUE
32,Monica Lewinsky Says She Is Voting for Hillary Clinton,FALSE
33,Did the 1981 'Farmer's Almanac' Predict COVID-19?,FALSE
34,Does the Satanic Temple Want to Establish After School Satan Clubs?,Mixture
35,Fowl Play,FALSE
36,Is it Impossible to Cancel Recurring Donations to the Trump Campaign?,Mixture
37,Did Trump Criticize Biden for Saying He'll 'Listen to the Scientists'?,TRUE
38,Is This a Text from an NHS Worker?,FALSE
39,"Is Moderna Tied to Fauci, Gates, Soros, and Epstein?",FALSE
40,Obama Cuts Military Pay 3rd Year in a Row?,Mixture
41,Obama and Clinton Have Iranian Advisers?,FALSE
42,Is the COVID-19 Vaccine Vape Cartridge Real?,FALSE
43,Does 'Quarantine' Originate from the Word 'Forty' (Days) in Italian?,TRUE
44,Did Biden Violate His Own Mask Mandate?,FALSE
45,Mylan CEO Donated Money to the Clinton Foundation?,Mixture
46,Is This a Live Panda Flown from China to U.S. in Business Class?,FALSE
47,Did Gavin Newsom Dine in Napa with Lobbyists During COVID?,TRUE
48,Were Florida Labs Busted for Not Reporting Negative COVID-19 Results?,Mixture
49,Were COVID-19 Detention Camps Proposed in New York Legislation?,Mixture
50,Did McDonald's Announce 'Huge Changes' to Their Restaurants Due to COVID?,FALSE
51,Michelle Obama Copied Her 2008 DNC Speech from Saul Alinsky,Mixture
52,Suppressed North Dakota Pipeline Protest Photo,FALSE
53,Will Eating Charred Oranges Restore Sense of Smell After COVID-19?,Mixture
54,Suicide Bomber Explodes After Falling Off Skateboard,FALSE
55,Is 'Center for Global Human Population Reduction' Inscribed on a Gates Foundation Building?,FALSE
56,Are These Calif.'s Mandatory Rules for Christmas/Thanksgiving Gatherings?,FALSE
57,"Will Alaska Pay You $2,000 Not to Leave the State?",Mixture
58,California Government Pays for Criminals to Take Vacations?,Mixture
59,Kristian Saucier vs. Hillary Clinton,Mixture
60,Are Thieves Handing Out Masks With Chemicals That Make You Pass Out?,FALSE
61,Did BBB Warn Against Sharing High School Senior Photos?,TRUE
62,Fake CNN Report: COVID Vaccine Recipients Become Cannibals,FALSE
63,Pokemon Go Uploads Your Data to Google Maps,FALSE
64,Did Trump Blame Obama for 'Bad' COVID-19 Tests?,TRUE
65,Man Dressed as Clown Shot; Condition Critical,FALSE
66,"Did the Bureau of Land Management Vote to Slaughter 44,000 Wild Horses?",Mixture
67,Did Trump Ban All Travel From China at the Start of the Pandemic?,Mixture
68,Did an Infectious Disease Specialist Write 'I Am Not Scared of COVID-19'?,TRUE
69,Does an 1866 Court Case Bar States from Enforcing Social-Distancing Regulations?,FALSE
70,Was a Snake Dropped on a Family Barbecue By a Hawk?,FALSE
71,New Federal Gun Law Prevents Open Carry in All 50 States,FALSE
72,Did Putin's Daughter Die After Taking COVID-19 Vaccine?,FALSE
73,Did Costco Post This Sarcastic Reply to a Customer on Facebook?,FALSE
74,Does China Have a 'New' Outbreak of Hantavirus?,Mixture
75,"Pope Francis Shocks World, Endorses Donald Trump for President",FALSE
76,Sheep Walking Through Gate,FALSE
77,Did Anthony Fauci Say People No Longer Need to Wear Masks?,Mixture
78,Einstein Bicycles as A-Bomb Explodes,FALSE
79,Pat Robertson Says Husbands Must Boycott Sex with Wives Voting Hillary,FALSE
80,40 Million Russians in Drills for Possible Nuclear Strike,Mixture
81,Is Starbucks Offering $100 Coupons During the COVID-19 Pandemic?,FALSE
82,Have Plagues Repeated Exactly Every 100 Years?,Mixture
83,"Jesus Is Not Coming Back, Vatican Says",FALSE
84,Did the US Surgeon General Recommend the Public Not Wear Masks?,Mixture
85,For All Jews Voting for Hillary,TRUE
86,Daily Debunker: Some Good News about the COVID-19 Outbreak,Mixture
87,Does This Photograph Show Women Wearing 'Flu Masks'?,FALSE
88,Did Doctors Recommend Genital COVID-19 Vaccination Injections for Men?,FALSE
89,Did a Couple Wear Swastika Masks to Walmart?,TRUE
90,Are CDC Guidelines for Reporting COVID-19 Deaths Artificially Inflating Numbers?,FALSE
91,Trump Family Photograph,TRUE
92,NASA Admits It Is in Contact with Alien Species and Just Forgot to Mention It,FALSE
93,ATF Reclassifies Wetted Nitrocellulose as High Explosive,Mixture
94,Cell Phone Use at Night Causes Eye Cancer,FALSE
95,Pride Parade Fire Hydrant Mishap,FALSE
96,Melania Trump Copied Statement from Hillary Clinton,FALSE
97,Do 52 Thoroughbred Horses Need New Homes Due to COVID-19?,FALSE
98,Free Krispy Kreme Doughnuts for Pirates on September 19,TRUE
99,"Did Police Shoot a White Coal Miner, Thinking He Was Black?",FALSE
100,Brock Turner Beaten with Sex Toys by Flash Mob,FALSE
101,Did an Ohio Man Die of COVID-19 After Vowing Not To Wear a Face Mask?,TRUE
102,Tim Kaine Made DNC Vice Presidential Deal with Hillary Clinton in 2011,Mixture
103,"No, Gov. DeSantis Didn't Tell Biden 'Go F--- Yourself'",FALSE
104,Did Johns Hopkins Student Newspaper Retract Article Claiming COVID-19 Deaths 'Not Above Normal'?,Mixture
105,Three Countries Issue Travel Warnings About the United States,Mixture
106,Is Kroger Requiring Employees to Repay Coronavirus Emergency Pay?,Mixture
107,Did Nancy Pelosi Visit Wuhan in November 2019?,FALSE
108,U.S. Army Memo Announces Preparations for Martial Law,FALSE
109,"Did Hillary Clinton Steal $200,000 in White House Furnishings?",Mixture
110,Was March 2020 the First March Since 2002 Without a US School Shooting?,Mixture
111,Man Hit by Inflatable Raft in Department Store,FALSE
112,"No, Dr. Denis Mukwege Didn't Say Coronavirus Cases Are Being Falsified",FALSE
113,Does Trump Own Stock in Moderna?,FALSE
114,Did Iranian Olympic Coverage Censor Images of Female Athletes?,FALSE
115,"Could People Be Jailed, Fined for Refusing COVID-19 Vaccine in US?",TRUE
116,Are Democratic Legislators 'Giddy' Over COVID-19 Economic Fallout?,FALSE
117,Does an Old Photo Show COVID Vax Creator as an Immigrant in Germany?,FALSE
118,Did Trump Say 'I Don't Care How Sick You Are ... Get Out and Vote'?,FALSE
119,Is This a Valid Face Mask Exemption Card?,Mixture
120,Is Ron Paul Video True in Saying 'Masks Don't Work' To Combat COVID?,FALSE
121,"Photograph Shows Alton Sterling with Children, Guns",Mixture
122,Is COVID-19 Stimulus Legislation Delayed Because of Pelosi?,Mixture
123,Is Times Square Closed to Crowds on New Year's for First Time in History?,TRUE
124,Was a Woman Sentenced to Five Years for Sending Her Son to a Better School?,Mixture
125,Hillary Clinton Calls for Americans to Respect and Empathize with ISIS?,Mixture
126,Did Florida Police 'Raid' the Home of Fired COVID-19 Scientist Rebekah Jones?,Mixture
127,Pandora Endorses Black Lives Matter?,Mixture
128,Did Trump Refer to 'China Virus' on Fox the Night Asian Women Were Killed in Atlanta?,TRUE
129,Did Boys in China Die After Wearing Face Masks During Physical Exercise?,Mixture
130,Did 4 of the 'Deadliest Days in American History' Occur in December 2020?,Mixture
131,Will Your Coronavirus Stimulus Check Count Against Your 2020 Tax Refund?,FALSE
132,Was a Rare Malabar Civet Spotted During COVID-19 Lockdown?,Mixture
133,Did Trump Admin Remove CDC as Overseer of COVID-19 Hospital Data?,TRUE
134,"Scientists Say Giant Asteroid Could Hit Earth Next Week, Causing Mass Devastation",FALSE
135,Did a Twitter User Predict Trump's COVID-19 Announcement?,TRUE
136,Did a Grandmother with AK-47 Save Cops Being Attacked by a Street Gang?,FALSE
137,Will Gargling with Salt Water or Vinegar 'Eliminate' the COVID-19 Coronavirus?,FALSE
138,Was Pfizer COVID-19 Vaccine Development Funded by Trump Administration?,FALSE
139,"Hillary Clinton Diagnosed with Vascular Dementia, Has One Year to Live?",FALSE
140,Are US Millionaires Receiving $1.7M in COVID-19 Stimulus Checks?,Mixture
141,Is Italy Calling for Bill Gates' Arrest?,Mixture
142,Did Meghan McCain Once Say She Had 'No Problem' With 'Chinese Virus' Label for COVID-19?,TRUE
143,Michelle Wants YOU to Monitor Your Own Family Members,FALSE
144,Did a European Scientific Journal Conclude 9/11 Was a Controlled Demolition?,FALSE
145,Did the Nashville Bomber Die From COVID-19?,FALSE
146,Should You Save Baby Teeth for Stem Cells?,Mixture
147,Does This Video Show a Dragon That Fell from the Sky in Tibet?,FALSE
148,Did CDC Report ‘Majority’ of People Who Contracted COVID-19 Wore Masks?,Mixture
149,Was Kissing Through Handkerchiefs Advised During 1918 Pandemic?,TRUE
150,CDC Announces Plan to Detain Americans for Forced Vaccinations?,FALSE
151,Obamas at a White House Ball,FALSE
152,Did Scientists Recreate a Tyrannosaurus Rex Embryo from Chicken DNA?,FALSE
153,Is This a Photograph of a Playground from 1900?,TRUE
154,Has Dr. Zelenko Successfully Treated 669 Coronavirus Patients?,Mixture
155,Is Kansas City Ordering Churchgoers To Register with the Government?,FALSE
156,Will Red or Blue Masks Be Required By 'National Mask Code'?,FALSE
157,Did a Bill Pass That Lets US Kids Get Vaccinated Without Parental Consent?,Mixture
158,Eiffel Tower Set Ablaze by Terrorists,FALSE
159,Pride of Lions Kills Five Poachers and Injures Three Others in Zimbabwe,FALSE
160,Did Brazil's President Bolsonaro Imply COVID-19 Vaccine Turns People Into Crocodiles?,TRUE
161,Did Trump Say COVID-19 Deaths Wouldn't Hurt Anyone as Much as Himself?,FALSE
162,Hillary Clinton Used Hand Signals to Rig Debate?,FALSE
163,Teen Kills Younger Brother Because He Thought He Deleted His Pokemon,FALSE
164,President Obama Is Giving Mexico $75 Million to Build a Southern Border Wall,Mixture
165,Is Seasonal Flu More Deadly Than COVID-19?,FALSE
166,Creflo Dollar Endorses Donald Trump,FALSE
167,Did Trump Say in February 2020 That COVID-19 Is Deadlier Than the Flu?,TRUE
168,Muslim Woman Buys Soda with Food Stamps to Resell?,Mixture
169,Was Obama Responsible for N95 Masks Shortage?,Mixture
170,Idaho Mother Sentenced to Prison After Multiple Citations for Breastfeeding in Public,FALSE
171,Tim Kaine Yells at His Daughter,FALSE
172,Did Second COVID-19 Stimulus Include Foreign Aid?,Mixture
173,"Did Biden Claim 6,114 Military COVID-19 Deaths When There Were 7?",TRUE
174,Fear the Grim Arabic Tote Bag,TRUE
175,Iranian Negotiator Discusses Nuclear Deal,FALSE
176,Did DOJ Propose Rollback of Defendants' Rights During Pandemic?,TRUE
177,Did a Californian Die Hours After Receiving COVID-19 Vaccine?,Mixture
178,Did Biden Tweet 'We Are Not Prepared for a Pandemic' Before COVID-19?,TRUE
179,Third Apple Co-Founder Sold Share Now Worth Billions for $800,TRUE
180,Was a High School Teen Shot After Police Mistook a Saxophone for a Machine Gun?,FALSE
181,Fresno Terrorism Threat: Women in Burqas Buying Cell Phones,FALSE
182,Is Hand Sanitizer Effective After Its Expiration Date?,Mixture
183,Casey Anthony Obtains License for Home Daycare Business in Florida,FALSE
184,Open Letter to Donald Trump from Wharton School,Mixture
185,Montreal Bans Pit Bulls,Mixture
186,Did Biden Say He Would Take the COVID-19 Vaccine in Public on TV?,TRUE
187,New York Television Station Broadcasts Bizarre Warning Before Hoboken Train Crash,TRUE
188,Did CDC 'Quietly Update' COVID-19 Deaths To Say Only 6% Are Legitimate?,FALSE
189,Australian Police Targeting Pokemon Go Players,FALSE
190,Will COVID-19 No Longer Be Classified as an Epidemic?,FALSE
191,Tweet Claims Clinton to Drop Out of Presidential Race,FALSE
192,Did CDC Warn Against Traveling to Mexico Due to COVID-19?,TRUE
193,"Did Cities Close Schools, Businesses During the 1918 Pandemic?",TRUE
194,Clouds Over Geneva Show CERN Opening a Portal to a New Dimension?,FALSE
195,Black Lives Matter Protesters Beat Homeless Veteran,FALSE
196,Were Islamic Symbols Added to the White House Fence?,FALSE
197,The Strange Death of Elisa Lam,TRUE
198,Was Coronavirus in US as Early as December 2019?,Mixture
199,Video Emerges Showing Obama Flaunting Erection to Female Staffers?,Mixture
200,Did Fauci Say in 2005 Virology Journal That Hydroxychloroquine Can Treat SARS?,FALSE
201,Did CBS News Use Footage from Italy for New York COVID-19 Report?,TRUE
202,Is Oklahoma Trying To Return $2M Worth of Hydroxychloroquine?,TRUE
203,Tens of Thousands of Fraudulent Clinton Votes Found in Ohio Warehouse,FALSE
204,Did an Orangutan Start Hand-Washing During COVID-19 Pandemic?,FALSE
205,Is This Timeline of Trump's Coronavirus Responses Accurate?,Mixture
206,Did Amazon Solicit Donations to Help Pay Worker Sick Leave?,TRUE
207,Metallica Singer Celebrates a PhD in Astrophysics,FALSE
208,Black Lives Matter Co-Founder Poops on Ice Rink,FALSE
209,Was Sharia Law Established in Texas?,FALSE
210,Trump Leaks Classified Info After Intelligence Briefing,FALSE
211,Did Trump Tweet in 2009 That He Would 'Never Let Thousands of Americans Die From a Pandemic'?,FALSE
212,Was a 'Sacrifice the Weak' Sign Shown at a COVID-19 'ReOpen Tennessee' Rally?,TRUE
213,Did Antarctica Report Its First COVID-19 Cases in December 2020?,TRUE
214,Can You Buy COVID-19 Vaccines on the Dark Web?,Mixture
215,Did Fauci Compare Research About COVID-19 to That of Chickenpox?,FALSE
216,President Obama Confirms He Will Refuse to Leave Office If Trump Is Elected,FALSE
217,Did Trump Tweet That South Dakota Should Close Its Border with California?,FALSE
218,Rainbow Grilled Cheese,FALSE
219,Did CDC Tell Parents To Prepare for 'Sudden Sleepover' at Schools Due to COVID-19?,Mixture
220,"Did Joni Ernst Get Early COVID-19 Vax After Calling Virus Hoax, Opposing Masks?",Mixture
221,Did Ari Fleischer Compare Showing ID to Get Vaccinated to Voter ID Laws?,TRUE
222,"Chimpanzee Rapidly Memorizes, Locates Numbers on a Screen",Mixture
223,Hillary Clinton Wore Secret Earpiece During First Presidential Debate?,FALSE
224,Does Watching Horror Movies Reduce Risk of Obesity?,Mixture
225,Did the Kennedy Center Donate Stimulus Money to the DNC?,Mixture
226,Did Empire State Building Display 'Siren' Lights During COVID-19 Pandemic?,TRUE
227,Did President Obama Say We Deserved 9/11?,FALSE
228,Police Union Cancels Trump Endorsement,FALSE
229,WikiLeaks Exposes Fake Trump Groping Plot,FALSE
230,Can Getting COVID-19 Vaccine Disqualify You From Life Insurance Benefits?,FALSE
231,Did Biden Say Schools Would Reopen in January 2021?,FALSE
232,Is FEMA Offering Hazard Pay Due to COVID-19?,FALSE
233,Hillary Clinton Has a Seizure on Camera?,Mixture
234,Was Officer Nakia Jones Fired After Posting a Viral Police Brutality Video?,Mixture
235,Was 'Born Basic Anti-Bac' Hand Sanitizer Recalled in the US?,Mixture
236,Is This a C. S. Lewis Quote from 1942?,FALSE
237,Durex to Produce Eggplant-Flavored Condoms,FALSE
238,Are 'Neck Gaiters' Worse at COVID-19 Transmission Than Foregoing Masks Altogether?,FALSE
239,Did an Australian Military Veteran Beat Up Eight Muslims for Attacking His Wife?,Mixture
240,Boston Police Officer Kills Black Man Over Marijuana Cigarette,FALSE
241,"Syrian Refugees Complain About Slow Internet, No Television",Mixture
242,"No, Israel Didn't Say the Pfizer Vaccine 'Killed 40 Times More Elderly' Than COVID-19",FALSE
243,Is Walmart Providing 'Free Thanksgiving Dinner for All'?,Mixture
244,Fisherman Survives Inside Whale for Three Days,FALSE
245,Iran Blurs Photograph Showing Olympics Volleyball Player,FALSE
246,You Had a Hunch the News System Was Rigged?,Mixture
247,Did Trump Suggest Injecting Disinfectants as COVID-19 Treatment?,TRUE
248,Did Pelosi Stage Photo of Herself Getting COVID-19 Vaccine?,FALSE
249,Elijah Cummings Said Democrats Gave Black People the Right to Vote?,Mixture
250,How 10cc Got Their Name,FALSE
251,Clinton Foundation Scores Higher as a Charity than the Red Cross?,Mixture
252,Do Police Kill More White People Than Black People?,Mixture
253,Did Amazon Wait To Help Distribute COVID-19 Vaccine?,Mixture
254,Does This Photo Show an Anti-Semitic Sign at a COVID-19 Lockdown Protest?,TRUE
255,Angelina Jolie to Send All Six Children Back to an Orphanage,FALSE
256,Was Trump Against the Iraq War from the Beginning?,FALSE
257,Were Kentucky Couple Placed Under House Arrest for Refusing To Sign Quarantine Agreement?,Mixture
258,"Clinton, Kerry Nominated for Nobel Peace Prize for Iran Deal",FALSE
259,Does Using Hand Sanitizer Pose a Danger to Pets?,FALSE
260,Is Horseshoe Crab Blood Required for COVID-19 Vaccines?,Mixture
261,Hillary Clinton Lost $6 Billion at the State Department?,Mixture
262,Graham Says Christians Must Support Trump or Face Death Camps,FALSE
263,Hillary Clinton Targets Family Farms with 65% Estate Tax?,Mixture
264,Is US COVID-19 Case Total Highest Globally Due to 'Great Testing'?,FALSE
265,"Bernie Sanders Suggests Election Is Rigged, Unendorses Hillary Clinton",Mixture
266,Does COVID Stand for ‘Certificate of Vaccination ID’?,FALSE
267,Did Christopher Harrington Patent a 'CV19-N95' Mask in 2015?,FALSE
268,Is WWE's Vince McMahon Advising Trump on the Economy?,TRUE
269,Did Costco Issue a Recall Notice for Toilet Paper?,FALSE
270,"Julian Assange Said Bernie Sanders Won Race, Was Threatened",FALSE
271,Did Donald Trump Die of a Heart Attack?,FALSE
272,Is 'COV-19' Inscribed on This Piece of 5G Equipment?,FALSE
273,106 Dead In California Music Festival Bombing,FALSE
274,Can You Vote Online with a Hashtag?,FALSE
275,Did Fauci Blame Mask Use for 1918 'Spanish Flu' Deaths?,FALSE
276,Is the White House Gift Shop Selling Coronavirus Commemorative Coins?,Mixture
277,Did Trump Promise a COVID-19 Vaccine by Election Day?,Mixture
278,Can You Get Legionnaires’ Disease from Face Masks?,FALSE
279,Does Trump Benefit Financially by Promoting Hydroxychloroquine as COVID-19 Treatment?,Mixture
280,"Katrina Pierson Arrested for Shoplifting, Illegally Collected Unemployment?",Mixture
281,Will Jesus Be Portrayed as Homosexual in an Upcoming Film?,FALSE
282,Muslims Demand Army Change Its Dress Code to Include Turbans and Beards,Mixture
283,Darboy Walmart Abduction Warning,FALSE
284,New Regulation Bans Children from Riding on Motorcycles,FALSE
285,Did Musician Dr. Creep Predict the COVID Pandemic in a 2013 Song?,FALSE
286,New Regulation Requires Motorcycle Owners to Install 75 MPH Governors by January 2017,FALSE
287,Leaked E-mails Show John Podesta Discussed Alien Technology with Former NASA Astronaut,Mixture
288,Did Pilot 'Draw' Syringe in Sky to Celebrate COVID-19 Vaccine?,TRUE
289,Does This Video Show Mass Graves in Italy?,FALSE
290,Dallas Shooter Not Identified as Neo-Nazi Jeffrey Harris,FALSE
291,Did Obituary Blame Trump for Man's COVID-19 Death?,TRUE
292,Did a Photo Show iPads Used for Virtual End-of-Life Visits Due to COVID-19?,Mixture
293,All Living Ex-Presidents Warn Against Donald Trump,Mixture
294,"Chelsea Clinton Made $900,000 Working for Her Parents",FALSE
295,Lester Holt Wore an Earpiece During the Debate.  So What?,Mixture
296,France Covered Up Torture and Mutilation of Bataclan Victims,FALSE
297,"Pope Francis Shocks World, Endorses Hillary Clinton for President",FALSE
298,"No, UK Is Not Texting Fines for Leaving the House",FALSE
299,Are the Himalayas Visible from Northern India for First Time in 30 Years?,Mixture
300,Did Researchers Warn Certain COVID-19 Vaccines Could Increase HIV Risk?,Mixture
301,Donald Trump Gave His 2nd Grade Music Teacher a Black Eye,Mixture
302,Does AstraZeneca's COVID-19 Vaccine Contain Aborted Fetal Cells?,FALSE
303,Accused Cascade Mall Shooter Arcan Cetin Voted as a Non-Citizen?,Mixture
304,Did 1 in 800 North Dakotans Die from COVID-19 by December 2020?,TRUE
305,Harvard Study Reveals Just How Much Damage Instant Noodles Do to Your Body,Mixture
306,Uniformed Police Officers Banned From the Democratic National Convention,FALSE
307,Was 2020 a 'Typical Year' for US Deaths Despite COVID-19?,FALSE
308,Did JFK Use Marijuana as President?,Mixture
309,Has Crossbreeding Humans with Animals Been Approved in the United States?,Mixture
310,Did Robert Aaron Long Post China 'COVID Cover-Up' Message Before Mass Shooting?,FALSE
311,Horrified Joel Osteen Learns About Crucifixion?,FALSE
312,Did Bill Clinton Hold Up LAX Air Traffic for a Haircut?,FALSE
313,Was a Fatal Motorcycle Crash Listed Among COVID-19 Deaths in Florida?,Mixture
314,Plane Crash-Lands on Beach,FALSE
315,Did Kim Jong Un Order North Korea's First Coronavirus Patient To Be Executed?,Mixture
316,North Dakota Gives the Green Light to Shoot Indigenous Tribes on Sight,FALSE
317,"Bill Clinton was Fined, Disbarred Over the Monica Lewinsky Scandal",Mixture
318,Jason Pierre-Paul Blows Off Other Hand After His Samsung Galaxy Note 7 Explodes,FALSE
319,Is This 'Muzzles Are for Dogs and Slaves' Protest Sign Real?,TRUE
320,RNC Reportedly Adopts Conversion Therapy as 2016 Platform Plank,Mixture
321,Were Bees Added to the Endangered Species List?,Mixture
322,Do Color Codes on Toothpaste Tubes Identify Their Ingredients?,FALSE
323,Did Jill Stein Endorse Donald Trump?,FALSE
324,"No, A Nurse in Alabama Did Not Die from COVID-19 Vaccine",FALSE
325,Did Biden Give Gitmo Prisoners COVID-19 Vaccines Before Americans?,Mixture
326,Did White House Press Secretary Call COVID-19 Guidelines ‘Orwellian’?,TRUE
327,Did Calif. Announce It Will Pay Undocumented Residents COVID-19 Stimulus While Laying Off First Responders?,Mixture
328,Did Biden Ban Saying 'China Virus' With Executive Order?,Mixture
329,Officer Hospitalized After Being Served Sandwich Containing Glass Shards,Mixture
330,Will PokÃ©mon in PokÃ©mon GO Scream if Within a Mile of a Sex Offender?,FALSE
331,Is This a Sand-Covered Highway to Dubai During the COVID-19 Pandemic?,FALSE
332,Did Marvelous Marvin Hagler Die From COVID-19 Vaccination?,FALSE
333,Early Morning Explosion in DC Allegedly Leaves Yet Another DNC Staffer Dead,FALSE
334,Did German Baker Make Syringe-Shaped Cakes to Celebrate COVID Vaccines?,TRUE
335,Woman Dies from Maggot Infested Weave,FALSE
336,Did Dave Ramsey Say Those Needing Stimulus Checks 'Were Pretty Much Screwed Already'?,TRUE
337,Jaden Smith Commits Suicide,FALSE
338,Food Lion $90 Coupon,FALSE
339,White House Lighting,Mixture
340,Obama and Trump Use Umbrellas,Mixture
341,Was This Letter Written by F. Scott Fitzgerald in Quarantine?,FALSE
342,Is the Green Party on the Ballot in All 50 States?,TRUE
343,Was an Inflatable Costume Responsible for Spreading COVID at Hospital?,Mixture
344,Did Biden Set US 'Back 50 Years' on Energy Independence Progress?,Mixture
345,"Always a Bridesmaid, Never a Bride",TRUE
346,Rope-a-Dope Deer,FALSE
347,Was This Pandemic Poem Written by Kathleen O'Mara in 1919?,FALSE
348,23 States Agree to Implement Gun Control Law Banning Hollow Point Ammunition,FALSE
349,Did Ohio Man Who Called COVID-19 a 'Political Ploy' Die from the Disease?,TRUE
350,Obama Signs Executive Order Banning the Pledge of Allegiance in Schools Nationwide,FALSE
351,Zika Spraying Killed Millions of Bees in South Carolina,TRUE
352,Rochester/Silver Lake Park Abduction Warning,FALSE
353,Did 'Captain America' Movie Predict the Coronavirus Pandemic?,FALSE
354,Did Dr. Fauci Say NIH Was Told To Cancel Grant for Coronavirus Emergence Research?,TRUE
355,Russia Put Black Lives Matter on Official Terror List,FALSE
356,Did 13 'Nuns' Die of COVID-19 at a US Convent?,TRUE
357,Are 'Mass Graves' Being Dug for COVID-19 Deaths?,Mixture
358,Obama to Remove Statue of Liberty Because It Offends Muslims,FALSE
359,"Bernie Sanders, FDR, and Contested Conventions",Mixture
360,Massachusetts Just Banned the Sale of All Semi-Automatic Rifles,Mixture
361,Joyce Meyer Dead at 73,FALSE
362,Did Taco Bell Just Announce 'Major' and 'Unreal' COVID Changes?,Mixture
363,Trump and Children Face $250 Million Tax Evasion Charges,Mixture
364,Hillary Clinton Death Hoax,FALSE
365,Are Bill Gates and the ID2020 Coalition Using COVID-19 To Build Global Surveillance State?,FALSE
366,Did Missouri Schools Require Parents Sign COVID-19 'Death' Waivers?,Mixture
367,Did Hitler Invent the Inflatable Sex Doll?,FALSE
368,Do These Photos Show Staph Infections Caused by Face Masks?,FALSE
369,Rush Limbaugh: Obama Sending Lesbian Farmers to Invade Red States,TRUE
370,The Origins of Policing in the United States,Mixture
371,Video Shows Baby Delivered Inside Intact Amniotic Sac,TRUE
372,Did Trump Say He Might Sign an Exec Order Barring Biden Presidency?,Mixture
373,An Ode to America,TRUE
374,Were Homeowners Encouraged to Burn Batteries to Prevent Chimney Soot?,TRUE
375,Does Arizona Have the Worldwide Highest COVID Cases Per Day?,TRUE
376,Leonardo DiCaprio Endorses Trump?,FALSE
377,Last Words,FALSE
378,Can Mouthwash 'Kill' COVID-19?,Mixture
379,Recalled Tampons Result in Bloody Exodus of Ants from Body,FALSE
380,Michelle Obama Plagiarized Her 2008 DNC Speech from Stephen R. Covey,FALSE
381,Warning: Kay Jewelers Free Ring Gift,Mixture
382,Do Vampire Bats Practice 'Social Distancing' When Feeling Ill?,Mixture
383,Did Elon Musk Tweet a Dessert Picture from a Restaurant Amid COVID-19 Restrictions?,Mixture
384,Is Trump Blocking COVID-19 Aid in Favor of Tax Cuts That Would Drain Social Security?,Mixture
385,Florida Officer Mistakes Donut Glaze for Methampetamines,TRUE
386,Can Large Thanksgiving Dinners Lead to Jail Time in Oregon While ‘Crack Is Legal’?,Mixture
387,Ted Cruz Will Speak at Democratic National Convention,FALSE
388,Obama Signs Executive Order to Pay Partial Reparations to African-Americans,FALSE
389,DEFCON Warning Level Escalated to 3,FALSE
390,Did Fauci Warn Trump in 2017 That a 'Surprise Outbreak' Was Coming?,TRUE
391,Was Canada's Draconian COVID 'Global Reset Plan' Leaked to the Public?,FALSE
392,So You Think You Know the Real Donald Trump?,Mixture
393,Alton Sterling: Longtime Criminal and Gang Member?,Mixture
394,"Did Kroger Tell Employees They Can Wear BLM Masks, But Not Flag Masks?",FALSE
395,Will US COVID-19 Deaths Be Double the Number of US Vietnam War Deaths by Fall 2020?,Mixture
396,Did 180-Day Countdown to UFO Disclosures Begin With COVID-19 Relief Bill?,TRUE
397,Did Pelosi Visit Hair Salon Closed Due to COVID-19?,TRUE
398,Pokemon Global Offensive,FALSE
399,Is 'Pandemicide' a New Word Coined to Describe Trump's COVID-19 Response?,Mixture
400,Justin Trudeau to Pardon All Prisoners Convicted of a Marijuana Offence,FALSE
401,Did Coronavirus Cause a Dr Pepper Shortage?,Mixture
402,Giant Human Footprints Found in China?,Mixture
403,John Kerry Suggests Media Cover Terrorism Less,TRUE
404,Diversity Among Democratic and Republic Interns,Mixture
405,Is Germany Planning To Put Quarantine Violators in Detention Centers and Refugee Camps?,Mixture
406,Have 3D Printed Rhino Horns Been Developed to Stop Poaching?,Mixture
407,Motorcyclists Protest Burkini Ban,FALSE
408,Major Highway Accident After Man Stops in Middle of Highway to Catch Pikachu!,FALSE
409,Hillary Clinton Refused to Congratulate American Gold Medalist?,Mixture
410,Is Pinkeye a Symptom of COVID-19?,Mixture
411,Is Coffee an Effective Protective Measure Against Mosquitoes and Zika?,Mixture
412,Did Pfizer's Former 'Chief Scientist' Say There Was 'No Need for Vaccines'?,Mixture
413,FDA: Frosted Flakes are Healthier than Avocados,Mixture
414,Obama Declares His Family Will Move to Canada If Trump Is Elected,FALSE
415,Do Taller People Have a Heightened Risk of Catching COVID-19?,Mixture
416,Is the CDC Setting Up 'Green Zones' or COVID-19 Containment Camps?,Mixture
417,PokÃ©mon Was Originally Designed for Satanists,FALSE
418,Obama Bribed Iran $400 Million to Release U.S. Prisoners?,FALSE
419,"In Case of Intruder, Should You Ask 911 for a Pizza?",FALSE
420,Are These Real Signs Carried by COVID-19 Anti-Lockdown Protesters?,FALSE
421,What If Only Taxpayers Voted?,FALSE
422,Should Fabric Masks Be Sanitized in a Microwave?,FALSE
423,Does Farting Negate the Use of Masks to Prevent COVID-19?,FALSE
424,U.S. Announces Plans to Ban Pokemon Go Permanently,FALSE
425,Whole Foods Market Bans Gendered Language,Mixture
426,Intelligence Is Inherited Only from Your Mother?,Mixture
427,Did Obama Urge US Pandemic Preparedness in 2014?,TRUE
428,Were 'Doomsday Planes' Mobilized After Trump's COVID-19 Diagnosis?,Mixture
429,Did a Walmart Customer Find a Dead Baby in a Discount DVD Bin?,FALSE
430,Did Former Wells Fargo CEO Say 'Some May Even Die'?,TRUE
431,Did Gov. Andrew Cuomo Say It Was 'Bad News' Pfizer Vaccine Progress Came Under Trump?,Mixture
432,Must All U.S. Businesses Accept Legal Tender as Payment?,FALSE
433,Did 7 Children Die in Senegal from COVID-19 Vaccine?,FALSE
434,Tiny House Giveaway Scam,FALSE
435,Hillary Clinton Is Actually Dead and Has Been Cloned,FALSE
436,American Legislator Wants Canadians Banned from Driving in USA,FALSE
437,Are Bees Born Fully Grown?,FALSE
438,Photograph of Elijah Wood with Identical Twin Brother,FALSE
439,Pretoria Chinese Restaurants Granted Permission to Sell Dog Meat,FALSE
440,Was COVID-19 Found in Packages of Toilet Paper?,FALSE
441,Fireworks Explode in Woman During Shoplifting Attempt,FALSE
442,"Did Scientists Cure Cancer, But No One Took Notice?",Mixture
443,Did the Last Surviving WWII Veteran March Alone in Memorial Day Parade?,FALSE
444,Did James Comey Take Millions from the Clinton Foundation?,Mixture
445,Did Ronald Reagan Predict a Trump Presidency?,FALSE
446,Are Dutch Restaurants Letting People Dine in Personal Pods During COVID-19 Pandemic?,Mixture
447,Is Florida Giving COVID-19 Vaccines to Canadians to Increase Tourism?,Mixture
448,15-Year-Old Killed Trespassing While Playing Pokemon Go,FALSE
449,Is America Really 'Rounding the Turn' on COVID-19?,FALSE
450,Can You Get a Free Coronavirus Test by Donating Blood?,Mixture
451,Lunar Footprint Mystery,FALSE
452,Did Nobel Laureate Tasuku Honjo Say COVID-19 Was 'Man-Made'?,FALSE
453,September 11 Adultery Revelation,FALSE
454,Did the Royal British Legion Stop Selling Poppies to Avoid Offending Minorities?,FALSE
455,Are Gummi Bears Made with Car Wax?,Mixture
456,Plandemic': Was Judy Mikovits Arrested Without a Warrant and Jailed Without Charges?,FALSE
457,Dwayne Johnson Arrested,FALSE
458,Was This Lung Removed from a COVID-19 Patient?,TRUE
459,Tom Hanks Backs Donald Trump for President,FALSE
460,Were Hundreds of COVID-Positive Immigrants 'Recklessly Released' in Texas?,Mixture
461,Does a Viral Photo Show a Real Baby Platypus?,FALSE
462,Did a Florida Teen Die After Attending a Church 'COVID Party'?,Mixture
463,Did 'Live and Let Die' Play as Trump Toured Factory Without COVID-19 Mask?,TRUE
464,Did U.S. Special Forces Kill a Giant in Kandahar?,FALSE
465,Does Googling Any 3-Digit Number Followed by 'New Cases' Reveal COVID-19 Conspiracy?,FALSE
466,Angelina Jolie Death Hoax,FALSE
467,Is This a 1918 Quarantine Ad for the Bell Telephone?,Mixture
468,Did the Obama Administration Fail to Prepare a Pandemic 'Game Plan'?,FALSE
469,Does a Photograph Show Michigan Gov. Whitmer Without a Mask?,FALSE
470,Are US Citizens Married to Immigrants Excluded from COVID-19 Stimulus Checks?,Mixture
471,Fukushima Radiation Causes 100% Infant Mortality Among Orca Whales,FALSE
472,Did Jared Kushner’s Task Force Scrap Nationwide COVID-19 Testing Over Politics?,Mixture
473,Does George Soros Own a Lab That 'Developed' COVID-19?,FALSE
474,Did Obama Admin Give Wuhan Laboratory a $3.7 Million Grant?,Mixture
475,Gary Johnson Said Removal of Firing Pins Makes All Guns Fully Automatic?,Mixture
476,Did Trump Criticize Governors for Backing off Ebola Quarantines in 2014?,TRUE
477,Are These New Zealanders Celebrating the End of COVID-19 Restrictions?,TRUE
478,Did Michigan's Governor Ban the Sale of American Flags?,FALSE
479,Was Hillary Clinton Seriously Injured in a Secret Plane Crash?,FALSE
480,"No, mRNA COVID-19 Vaccines Do Not 'Alter Your DNA'",FALSE
481,Is This 'Good News' List About the COVID-19 Pandemic Accurate?,Mixture
482,Could the 2020 U.S. Presidential Election Be Postponed?,Mixture
483,Does Charmin make Pumpkin Spice Bathroom Tissue?,FALSE
484,Is Amazon Suspending All Deliveries Except Medical Supplies?,Mixture
485,Did CDC Issue Strict Rules for Reopening Schools in Pandemic?,Mixture
486,DNC Walkout Leads to Hundreds of Empty Seats?,Mixture
487,Did Walmart Introduce a Staggered Shopping Schedule?,FALSE
488,John F. Kennedy Donated His Entire Presidential Salary to Charity,TRUE
489,Was 'I Am Legend' Set in 2021? - Fact Check from Snopes.com,FALSE
490,Was Donald Trump Born in the Philippines?,FALSE
491,Did 4 COVID-19 Vaccine Trial Patients Develop Bell's Palsy?,Mixture
492,Customer Liability for Chipped Card (EMV) Fraud,FALSE
493,Does 'ABA' Letter Prove Anyone Making COVID-19 Masks Can Be Sued?,Mixture
494,Does Trump Own Stock in a Company CDC Uses for COVID-19 Tests?,FALSE
495,Did Police Give Instructions for Citizens Rescuing Dogs from Hot Cars?,Mixture
496,"No, Ghislaine Maxwell Has Not Tested Positive for COVID-19 in Jail",FALSE
497,Did Scott Walker Tweet a Year-Old Pizza Picture Twice?,TRUE
498,Was the Body of an Elderly Homeless Man Identified as Elvis Presley?,FALSE
499,Oregon Elementary School Bans Pledge of Allegiance,FALSE
500,Did Trump Suggest Stopping Public Officials' Pay During Pandemic?,FALSE
501,Massive Stone Age Tunnel Stretches from Scotland to Turkey,Mixture
502,Does Glaxo Own the 'Wuhan Lab'?,FALSE
503,Will US Govt. Force COVID-19 Vaccine on Citizens?,FALSE
504,Man Dressed as Clown Arrested After Police Find 11 Bodies Stuffed in Freezers at His Home,FALSE
505,Obama Calls for Black Lives Matter Memorial,FALSE
506,Is This Train Car Carrying 'COVID-19'?,FALSE
507,Tim Kaine Wears Communist Flag Pin at DNC,FALSE
508,"Clown Masks Banned in United States, Carries $50,000 Fine",FALSE
509,Were Ventilators Found 'Stashed' in a Warehouse in New York?,FALSE
510,Is Hobby Lobby Refusing To Close Stores Because of a Message from God?,Mixture
511,Hillary Clinton Used a Teleprompter During the Presidential Debate?,FALSE
512,Did Bernie Sanders Leave the Democratic Party?,Mixture
513,Did Trey Gowdy Say He Was 'Madder Than Hell' at Pelosi's COVID-Relief Remarks?,TRUE
514,Ted Cruz Plots on Air Force One,Mixture
515,Canada Legalizes Heroin?,Mixture
516,Does Kinking a Live Electrical Wire Stop Electricity and Make it Safe?,FALSE
517,St. Cloud Stabbing Victim,FALSE
518,Is This 'Barack + Hussein + Obama = COVID-19' Protest Sign Real?,FALSE
519,Is This Microsoft Logo/Coronavirus Crop Circle Real?,FALSE
520,Australia Becomes First Country to Begin Microchipping Its Public?,FALSE
521,Democratic Party Holding Emergency Meeting to Discuss Replacing Hillary Clinton?,Mixture
522,Snowden Pronounced Dead by His Girlfriend in Russia,FALSE
523,Did Trump Try To Deflect Attention From His COVID-19 Response by Criticizing Obama's to H1N1?,TRUE
524,Did Video Show Italian Army Trucks Transporting Coffins Amid COVID-19 Pandemic?,TRUE
525,Was COVID-19 Created to Distract Us from a Doomsday Asteroid?,FALSE
526,"No, a Nurse Didn't Faint Because of the COVID-19 Vaccine",Mixture
527,Marmite Cures Premature Ejaculation?,Mixture
528,Did Giuliani Tweet That Sex With Barnyard Animals Was Spreading COVID-19?,FALSE
529,"Did Bill Mitchell Tweet 'Let Me Know' When COVID-19 Kills 55,000?",TRUE
530,"To Silence Wikileaks, Hillary Clinton Proposed Drone Strike on Julian Assange?",Mixture
531,Bruce Springsteen Attacks Donald Trump on Twitter,FALSE
532,Did CBS News Use a 2016 Ukraine Photo in COVID-19 Coverage?,FALSE
533,Does H.R. 6666 Require People to Be Vaccinated for COVID-19?,Mixture
534,Did Pence Deliver Empty PPE Boxes to a Rehabilitation Center?,FALSE
535,Did Trump Get Vaccinated for COVID-19 Before Leaving Office?,Mixture
536,Obama to Ban Trucks After Nice Attack,FALSE
537,Did Dr. Roger Hodkinson Call COVID-19 a Hoax?,Mixture
538,70% of Arrested Charlotte Protesters Are Out-of-State Criminals,FALSE
539,Cop Shoots 2-Year-Old Black Baby After Mistaking Pacifier for Gun,FALSE
540,Young Woman Struggles to Open Can of Spaghetti-Os,FALSE
541,Texas Maternal Mortality Rate Doubles After Reproductive Health Restrictions?,Mixture
542,DeRay Mckesson and the Summer of Chaos,FALSE
543,Do Photos Show Las Vegas Homeless Sleeping in 'Social Distanced' Parking Lot?,TRUE
544,Hillary Clinton Supporter Stands on American Flag,FALSE
545,Does This Picture Show Daytona International Speedway Flooded?,FALSE
546,FBI Warned About White Supremacists Infiltrating Police Departments,Mixture
547,Did California 'Forbid' Christians from Singing in Church?,Mixture
548,Do Teens Spread COVID-19 As Fast As Adults?,Mixture
549,Did Russia Release 500 Lions To Enforce COVID-19 Lockdown?,FALSE
550,Did Dr. Fauci Criticize Trump's China Travel Restrictions?,FALSE
551,Mysterious Unidentified Flying Object Over Airport in Turkey,FALSE
552,Is Sweden Moving to a 6-Hour Workday?,Mixture
553,Philando Castile: Crips Gang Member?,Mixture
554,Does This List Prove Voter Fraud in 2012?,FALSE
555,Did Spirit Halloween Say It Would Not Open Stores in 2020?,FALSE
556,Did Trump Say More COVID-19 Testing Makes the US Look Bad?,TRUE
557,Is USPS Closing Soon Because of COVID-19?,Mixture
558,Texas Man Speaks About Black Lives Matter,TRUE
559,Did Climate Activist Greta Thunberg Appear as Coronavirus 'Expert' on CNN Panel?,Mixture
560,Young Protester Stares Down Police,FALSE
561,Does This Phone Number Connect with United Way's COVID-19 Relief Fund?,Mixture
562,Does Hillary Clinton Still Secretly Oppose Marriage Equality?,FALSE
563,Hillary Clinton Failed D.C. Bar Exam,TRUE
564,Was 'America's Frontline Doctor' Simone Gold at US Capitol Attack?,TRUE
565,Brad Pitt Death Hoax,FALSE
566,Jeff Foxworthy Gets Attacked by Liberals After Publicly SLAMMING Hillary Clinton,FALSE
567,Forever 21 Swastika Rings,FALSE
568,"No, Red Cross Is Not Offering Coronavirus Home Tests",FALSE
569,Alton Sterling Killed by Trump Supporter Robert Kinnison,FALSE
570,Donald Trump Congratulates Serena Williams,FALSE
571,Are People With Type-A Blood More Susceptible to COVID-19?,Mixture
572,Are Vegetarians Safe from COVID-19?,FALSE
573,"Khizr Khan Received $375,000 from the Clinton Foundation",FALSE
574,Did Elevation Church Debut a Water Slide Baptismal?,FALSE
575,Did Lack of Social Distancing in 1918 Pandemic Cause More Deaths Than WWI?,Mixture
576,"Is This Joker Right That 'COVID's Over, Baby'?",FALSE
577,Do Flu Vaccines Increase Your Risk of Testing Positive for COVID-19?,FALSE
578,CIA Agents Arrested in Turkey for Erdogan Assassination Attempt,Mixture
579,Did Scientists Conclude Asymptomatic COVID Patients Can't Spread Virus?,FALSE
580,Obama Raises the Retirement Age to 73,FALSE
581,"Donald Trump Donated Food, Supplies to Victims of Hurricane Matthew in North Carolina",TRUE
582,Old Reginald Denny Beating Picture Circulates Urging Drivers to Run Over Protesters,Mixture
583,Is a Testicular Blow Exponentially More Painful Than Childbirth?,FALSE
584,11 States Agree to Implement and Enforce Truck Curfew,FALSE
585,Is It Dangerous to Wear a COVID-19 Protective Mask for Too Long?,Mixture
586,Did Coronavirus Vaccine Story Run Same Day as Reports of Kobe's Death?,TRUE
587,Does Microsoft Own Patent '666' About Implanting Microchips in People?,Mixture
588,Did Ruth Bader Ginsburg Say that Pedophilia Was Good for Children?,FALSE
589,Does Burning Sage Eliminate Airborne Bacteria?,FALSE
590,Does 'Tiger King' Joe Exotic Have Coronavirus?,Mixture
591,Can People Without Disabilities Use an ADA 'Mask Loophole' in Stores?,Mixture
592,Celebrity Summoned to Jury Duty in Your Town!,FALSE
593,Did Experts and Officials Warn in 2018 US Couldn't Respond Effectively to a Pandemic?,TRUE
594,Fireman Suspended and Jailed by Atheist Mayor for Praying at Scene of Fire,FALSE
595,Obama Purging Military for Not Shooting Citizens,FALSE
596,Daily Debunker: Nostradamus and COVID-19,FALSE
597,Kratom Banned by the DEA?,Mixture
598,Trump Donates 50k to Charleston Shooter Family to Move Him to Safer Prison,FALSE
599,Pokemon Go Caused a Fatal Crash in Knoxville?,Mixture
600,Is US Government Requiring Pantyhose Worn Over Masks?,Mixture
601,President Obama Takes a Knee During National Anthem,FALSE
602,Did Democrats Fail To Wear Masks at John Lewis' Funeral?,FALSE
603,Obama Accomplishments,Mixture
604,SCAM: Luxury RV Giveaway,FALSE
605,Is This 'Avoiding the Future Plague' Video a Real PSA From the 1950s?,FALSE
606,Donald Trump Says Harriet Tubman Face Belongs on Foodstamps,FALSE
607,Did Giuliani Correctly Tweet That Wuhan Lab Got $3.7M from US in 2017?,Mixture
608,Did the Trump Administration Send 18 Tons of PPE to China in Early 2020?,TRUE
609,Was Charles Lieber Arrested for Selling the COVID-19 Coronavirus to China?,Mixture
610,France Announces It Will Use Guillotines on Terrorists,FALSE
611,Did Russian Official Say No Booze for 42 Days After COVID Vaccination?,TRUE
612,Killer Clown Leaves Warning Note to Cancel Halloween or Kids Will Die,FALSE
613,Did President Obama Enforce an Islamic Prayer Opening in the U.S. House?,FALSE
614,Has Italy Stopped Treating the Elderly in the COVID-19 Pandemic?,Mixture
615,Are Clorox Wipes and Toilet Paper Sold Out Again?,Mixture
616,Russia Has Amassed Troops to Surround the U.S. Borders,FALSE
617,Did NHS Warn Against Gwyneth Paltrow's COVID-19 Advice?,TRUE
618,Was a 5G Tower Torn Down in China To Stop COVID-19?,FALSE
619,A Bad Lie,FALSE
620,Does This Restaurant Receipt Show a COVID-19 Surcharge?,TRUE
621,Did Colin Kaepernick Convert to Islam?,FALSE
622,Colin Kaepernick Wore Socks Depicting Police as Pigs,TRUE
623,Did Burger King Admit Their Burgers Contain Horsemeat?,FALSE
624,Did US 'Refuse' COVID-19 Testing Kits from the World Health Organization?,Mixture
625,11 States Ban the Use of Electronic Cigarettes in Vehicles?,FALSE
626,Maryland Doctor Who Treated Hillary Clinton for Blood Clot on Brain Mysteriously Dies,FALSE
627,Clinton Campaign Overcharging Poor Donors?,Mixture
628,Is This Meme About Mandatory COVID-19 Vaccinations Accurate?,FALSE
629,Bow Hunting Wild Horses,TRUE
630,Did First COVID-19 Vaccine Recipient Suspiciously Appear in News Report Months Earlier?,FALSE
631,Has SpongeBob SquarePants Been Cancelled?,FALSE
632,Hillary Clinton Wears a Defibrillator?,FALSE
633,Are Doctors and Hospitals Paid More for COVID-19 Patients?,Mixture
634,John Cena Death Hoax,FALSE
635,Peotone High School Bans U.S. Flags,FALSE
636,Do Tulsa Trump Rally Attendees Have To Sign COVID-19 Waiver?,TRUE
637,Tim Kaine Admits to Open Marriage on Twitter,FALSE
638,Do Homeless People Have Access to COVID-19 Stimulus Payments?,TRUE
639,State Cuts Off Water to  Dakota Access Pipeline Protesters?,Mixture
640,Are These Petri Dishes Coughed On With and Without a Mask?,TRUE
641,Can Ivermectin Cure Coronavirus?,Mixture
642,Shocking Video Shows Shark Attacking Surfer,FALSE
643,Did Hillary Clinton Say Christians in America Must Deny Their Faith?,FALSE
644,Leaked 2013 Trump Tax Return Shows He Paid Over 40 Million in Taxes,FALSE
645,Kentucky SNAP Recipient Is Abusing the System With High Balance?,Mixture
646,Is This Cat Wearing a Mask During the 'Spanish Flu'?,Mixture
647,Did Trump Say 'Hundreds' of Governors Are Calling Him Amid COVID-19 Pandemic?,FALSE
648,Did Dolphins and Swans 'Return' to Italian Waterways Amid COVID-19 Lockdown?,Mixture
649,"Due to Religious Intolerance, Facebook Bans All Christian-Themed Content",FALSE
650,Is China Using Anal Swabs to Test for COVID-19?,Mixture
651,Donald Trump Divorced Ivana Because Her Breast Implants Felt Wrong?,Mixture
652,New Dodge Challenger Features Elephant Skin Interior,Mixture
653,Did Dozens of Countries Order COVID-19 Tests in 2018?,FALSE
654,Pokemon Go Program Clears Shelter of Dogs Awaiting Adoption,Mixture
655,Is Santa Officially Exempt from COVID-19 Restrictions in Ireland?,TRUE
656,Is California Separating Children from Parents Who Have COVID-19?,FALSE
657,The Young Family,FALSE
658,Daughter Fertilizes Own Eggs with Sperm of Deceased Father,FALSE
659,Was 'Proud Boy' Rob Cantrell Seen Screaming at Cop at Anti-Lockdown Protest?,FALSE
660,Did Millions of Canceled Cellphones Reveal Unreported Coronavirus Deaths in China?,Mixture
661,"No, a Hair Dryer Won't Stop Coronavirus",FALSE
662,Woman with Concealed Carry Permit Saves Multiple Lives After Stopping Department Store Shooter,FALSE
663,UN Backs Secret Obama Takeover of Police,FALSE
664,Does Ivanka Trump Hold a Trademark on Coffins in China?,Mixture
665,Hillary Clinton Buys Weather Channel Ads During Hurricane Matthew?,TRUE
666,Did a Washington School District Ban Pork Due to a Muslim Outcry?,FALSE
667,Will Prisoners Receive COVID-19 Stimulus Checks?,Mixture
668,Did a Medical Manufacturer Destroy Swabs After Trump's Visit?,Mixture
669,KFC Extra Crispy Sunscreen,TRUE
670,Hillary Clinton Listed As Threat in Army Training Slide,Mixture
671,Should Pregnant Women Avoid COVID-19 Vaccine?,Mixture
672,Trump Claims America Should Never Have Given Canada Its Independence,FALSE
673,Did Ice Cream Test Positive for COVID-19?,TRUE
674,Was Trump's Regeneron 'Cure' Developed Using Stem Cells and Fetal Tissues?,Mixture
675,Did Federal Food Aid Boxes Include White House Letter Crediting Trump?,TRUE
676,Donald Trump Stiffed His Wedding Caterer?,Mixture
677,ABC News Poll Shows Trump with Wide Lead on Clinton,FALSE
678,Was a $380M Deal To Sell TGI Fridays Canceled Due to COVID?,TRUE
679,Reverse Cavities and Heal Tooth Decay with Vitamin D,FALSE
680,Should COVID-19 Patients Avoid Taking Ibuprofen?,Mixture
681,Did President Trump Say 'People Are Dying Today That Have Never Died Before'?,FALSE
682,Are These Claims About the Effectiveness of Face Masks True?,Mixture
683,Did Dr. Rob Oswald Claim COVID-19 Was a Hoax?,FALSE
684,Image of Donald Trump with No Wig or Makeup,FALSE
685,Kermit Gosnell as Surprise DNC Speaker,FALSE
686,Did Trump Tweet He'd Deny Stimulus Checks to Any Who Used #NotMyPresident?,FALSE
687,Does Bill Clinton Have an Illegitimate Son Named Danney Williams?,Mixture
688,Did All Vegas Hotels Except Trump's Donate Rooms for COVID-19 First Responders?,Mixture
689,Meteorologists Predict Record-Shattering Snowfall Coming Soon,FALSE
690,Was the Identity of a Baseball-Stealing Woman Revealed?,FALSE
691,"After Colonoscopy Reveals Brain Tumor, Donald Trump Drops from Race",FALSE
692,Hiroshima vs. Detroit,FALSE
693,Is Corona the Patron Saint of Plagues?,FALSE
694,Did 85 Babies Under Age 1 Test Positive for COVID-19 in Single Texas County?,Mixture
695,Did Trump Add 11.6M Jobs to U.S. Economy During Pandemic?,Mixture
696,Did Dr. Fauci Say There Was 'Nothing to Worry About' in Regards to COVID-19?,Mixture
697,Five Nuclear Carriers in Harbor,Mixture
698,Is Bill Gates Being Sued by India Over Vaccination Deaths?,FALSE
699,Did Neil deGrasse Tyson Address Gender Inequality in Science on Twitter?,FALSE
700,Does Coca-Cola Coax Worms Out of Pork?,FALSE
701,Judges Rules the Government Can Ban Vegetable Gardens,Mixture
702,Maggots Found in Similac Formula Powder?,Mixture
703,Did Melinda Gates Wear an Upside-Down Cross?,Mixture
704,UN Demands U.S. Pay Reparations for Slavery,Mixture
705,Gary Sinise Tweets Hillary Clinton About Guns,FALSE
706,Florida Business Owners Engage In Shootout with Looters; 31 Confirmed Dead,FALSE
707,Did Fauci Lower His Mask at a Baseball Game?,TRUE
708,Is This a Flyer for an 'End the Lockdown Rally'?,TRUE
709,Did New York Throw Away COVID-19 Vaccines? - Fact Check from Snopes,Mixture
710,Did Bill O'Reilly Write an Essay Calling COVID-19 a Chinese Bioweapon?,FALSE
711,Is This COVID-19 Mask Efficacy Chart Accurate?,Mixture
712,Ohio Police Post Graphic Photograph of Adults Passed Out from Heroin with Child in Car,TRUE
713,Are Hallmark Cards Made In China?,Mixture
714,Monsanto Buys Whole Foods,FALSE
715,President Obama: Americans Are Better Off Under Martial Law,FALSE
716,Does This Photograph Show a Praying Mantis Attacking a Hummingbird?,TRUE
717,Did Pelosi Say Congress Would Not Return 'Unless There Is an Emergency'?,Mixture
718,Did 23 People In Norway Die After Receiving COVID Vaccine?,Mixture
719,"Two White Men Doused with Gasoline, Set on Fire by BLM",Mixture
720,Abandoned Polish Wedding Chairs,FALSE
721,Is COVID-19 Being Spread Through Gas Pumps?,Mixture
722,Did Pat Robertson Blame Oral Sex for COVID-19?,FALSE
723,Did Trump Tweet 'My Blood IS the Vaccine'?,FALSE
724,Was the COVID-19 Pandemic Planned in Rockefeller's 'Operation Lockstep'?,FALSE
725,"Did Trump Say He 'Tested Very Positively' for COVID-19, Meaning Negative?",TRUE
726,Is This a Real Letter from Trump to US Sen. Chuck Schumer?,TRUE
727,Bill and Melinda Gates Are Giving Away Free College Textbooks?,Mixture
728,Did Trump Inherit a 'Depleted' Stockpile of Ventilators From Obama?,Mixture
729,Did Mother Teresa Teach Hillary Clinton a Lesson on Abortion?,Mixture
730,Do Energy Drinks Contain Bull Semen?,FALSE
731,Did J.K. Rowling Drop Off Forbes Billionaires List Due to Charitable Donations?,Mixture
732,Definitely Not Friends of Dorothy,FALSE
733,Is a Global Conspiracy Promoting Remdesivir Over Hydroxychloroquine for Treating COVID-19?,FALSE
734,Is Olive Garden Going Out of Business?,FALSE
735,Did the CDC Significantly 'Readjust COVID-19 Death Numbers'?,FALSE
736,Clown Purge on Halloween,FALSE
737,Massachusetts Passes Law Allowing Black Men to Run from Police Due to Racial Profiling?,Mixture
738,Is Canine Coronavirus Vaccine Proof that COVID-19 Vaccine Should Exist?,FALSE
739,Is Netflix Giving Away Free 1-Year Subscriptions Due to COVID-19?,FALSE
740,Did Uninsured Teen Die of COVID-19 After Being Denied Treatment?,Mixture
741,Did Fauci Praise Trump's Handling of COVID-19 Pandemic?,Mixture
742,9/11 Tear Drop Memorial,TRUE
743,Spider Bursts Out of Overripe Banana?,FALSE
744,Will Trump's Name Appear on COVID-19 Stimulus Checks?,TRUE
745,Mike Pence Blames Media for Trump Controversies?,FALSE
746,"Man Sees Dead People, Speaks to God After Being Deprived of His Senses",FALSE
747,Should You Avoid Getting a Flu Shot?,FALSE
748,Did Trump Say This About the COVID-19 Pandemic?,TRUE
749,Did Chinese Virologist Dr. Li-Meng Yan Say COVID-19 Was Made in a Wuhan Lab?,TRUE
750,Did Bill Gates Tell George Magazine That an 'Over-Populated Planet' Would Fall to a 'Lung-Attacking Virus'?,FALSE
751,Did a Houston Store Close on September 11 to Honor a 9/11 Hijacker?,FALSE
752,Are COVID-19 Tracing Apps Secretly Tracking Your Facebook and Phone Contacts?,Mixture
753,Did the Trump Admin Seize COVID-19 Protective Equipment from States?,Mixture
754,Colin Kaepernick Reportedly Found Dead in San Francisco Home,FALSE
755,Is White House Invoking the Stafford Act to Impose a Quarantine and Mobilize the National Guard?,FALSE
756,Is Khizr Khan a Muslim Brotherhood Agent?,Mixture
757,Kanye West Wanted for Jewelry Insurance Scam,FALSE
758,Will mRNA COVID-19 Vaccines Wreak 'Havoc on The Lungs' in 4 to 14 Months?,FALSE
759,Heather Bresch Attacked by Bee Swarm After Raising EpiPen Price?,FALSE
760,"No, Harvey Staub the 'Pharmacist' Is Not Right About COVID",FALSE
761,Michelle Obama Stole Her Speech from Melania Trump,FALSE
762,Did 'Big Smoke Burger' Give a 50% Discount for Customers With COVID-19 Vaccination?,Mixture
763,Did 'Yardi Gras' Replace Mardi Gras Parades in New Orleans?,TRUE
764,Did Biden Inherit 'Nonexistent' COVID-19 Vaccine Distribution Plan?,Mixture
765,Ted Cruz: I Will Endorse Donald Trump for President If He Makes Masturbation Illegal,FALSE
766,Did COVID-19 Vaccination Cause Dr. Gregory Michael's Death?,Mixture
767,"21 Dead, Many Injured in Ontario",FALSE
768,Did the White House Watch the Benghazi Attack and Do Nothing?,FALSE
769,Fact Check Collection: Snopes Debunks 'Plandemic',FALSE
770,Was a Swastika Flag Displayed at Operation Gridlock Protest?,FALSE
771,Did Texas' Lt. Gov. Say 'There Are More Important Things Than Living'?,TRUE
772,Does COVID Stand for 'Chinese-Originated Viral Infectious Disease'?,FALSE
773,Did Tiffany Chokers Originate as Slave Collars?,Mixture
774,Did Joel Osteen's Megachurch Get a $4.4M Coronavirus Loan?,TRUE
775,Did RNC Attendees Forgo Masks And Social Distancing?,TRUE
776,Did a Portuguese Nurse Die Two Days After COVID-19 Vaccination?,Mixture
777,Did Biden Make This Statement About Democracy During a Pandemic?,TRUE
778,Is NYC's COVID-19 Death Rate at Least 250x Higher Than Tokyo's?,Mixture
779,White Billionaire Offers $1 Billion to Breed Lebron and Serena,FALSE
780,Donald Trump Made Donations to NAMBLA?,FALSE
781,Was 'Curb Your Enthusiasm' Filming Season 11 During COVID-19 Pandemic?,TRUE
782,Did Betsy DeVos Say COVID-19 Will 'Only' Kill .02% of US Students?,FALSE
783,Did Biden Say Minorities Don't Know How To Register Online for Vaccines?,Mixture
784,Did an Irish Times Column Express 'Pity' for the US?,TRUE
785,So Long and Thanks for All the Fish,TRUE
786,Usain Bolt Donates All His $20 Million Olympic Earnings to His Former School,FALSE
787,Brandenn Bremmer Suicide,Mixture
788,Were NY Nursing Homes Full of COVID-19 Patients While Hospital Ship Sat Empty?,Mixture
789,Did Georgia Capt. Jay Baker Promote 'Imported Virus From Chy-na' Shirts?,TRUE
790,Was National Stockpile Website Edited After Jared Kushner's Comments?,TRUE
791,U.S. Caught Repainting Fighter Jets to Russian Colors?,FALSE
792,Hillary Clinton Fundraiser Recording,Mixture
793,Did Members of Congress Each Make $100K While Debating $600 Stimulus Checks?,TRUE
794,Catching Sexually Transmitted Diseases While Tanning,Mixture
795,Did a Nationwide US Coin Shortage Occur in Summer 2020?,TRUE
796,Charlotte Tells Rioters Anyone Caught Looting Will Lose Welfare and Food Stamps Permanently,FALSE
797,Is This a 'COVID 5G Chip Diagram'?,FALSE
798,Woman Mistaken for Clown Shot and Killed in Walmart Parking Lot,FALSE
799,Olympic Goofs,FALSE
800,Scam in New York City Urges Residents To 'Pre-Register' for COVID-19 Vaccine,FALSE
801,Cicret Bracelet,Mixture
802,$42.4 Billion Consumer Rebate Program,Mixture
803,Did Piers Morgan End His Friendship with Trump in an Open Letter?,TRUE
804,Did the Vatican Say It's OK To Get the COVID-19 Vaccine?,TRUE
805,Did Biden Call Trump 'Xenophobic'?,TRUE
806,Does Luxottica Own 80% of the Eyeglass Industry?,Mixture
807,Did a Woman Give Birth to a Human-Goat Hybrid?,FALSE
808,Are the Unvaccinated Being Forcibly Rounded up in Oklahoma?,FALSE
809,Does a 1994 Denver Airport Mural Show a Masked Global Population?,FALSE
810,Can You Get Free Baby Formula During COVID-19 Crisis by Calling the Company?,FALSE
811,Is the White House Gift Shop Selling a 'Trump Defeats COVID-19' Coin?,Mixture
812,WhatsApp Will Share Personal User Information with Facebook and Make It Public?,FALSE
813,50-Foot Megalodon Captured on Video,FALSE
814,Did an Oregon County Say Only White People Must Wear COVID-19 Masks?,Mixture
815,Is This a Photograph of a Rare Marbled Fuark?,FALSE
816,Hillary Clinton Referenced RFK Assassination as Reason to Continue 2008 Campaign,TRUE
817,Small Canadian Town Will Give You a Job and Land to Relocate,Mixture
818,Did 59 People Die After Pastor Gave Them Dettol To Drink To Prevent Coronavirus?,FALSE
819,Bob Beckel Called for WikiLeaks Founder Julian Assange to Be Assassinated,Mixture
820,Does Pelosi Want 'Guaranteed Minimum Incomes' for 'Illegal Aliens' in Next COVID-19 Stimulus?,Mixture
821,Obama Commissions Gender Neutral Bible,FALSE
822,Did Trump Campaign Use COVID Diagnosis to Fundraise $421 Million?,FALSE
823,"Mark Zuckerberg Removing Clinton, Trump Pages for Facebook Likes",FALSE
824,Does Drinking Alcohol Impair Effectiveness of COVID-19 Vaccine?,Mixture
825,Postal Worker Caught Destroying Absentee Trump Ballots in Major Swing State,FALSE
826,Did a Clinical Trial Participant Develop 'Huge Bleeding Sores' From a COVID-19 Vaccine?,FALSE
827,Did Kamala Harris Support Abortion Until the Time of Giving Birth?,Mixture
828,"Does the Red Cross Ban Prayer at Shelters, Even in Churches?",FALSE
829,Did This Nobel Prize Winner Say COVID-19 Was Created in a Lab?,TRUE
830,Putin Cancels Campaign Event with Trump?,FALSE
831,Is Only 9% of the American Rescue Plan Related to COVID-19?,Mixture
832,Were Old Apartment Radiators Designed To Prevent Spread of the 1918 Pandemic?,TRUE
833,How to Spot a Two-Way Mirror,Mixture
834,Mysterious Creature Filmed in Portuguese Desert,FALSE
835,Would You Have Invested?,TRUE
836,Denzel Washington Switches to Trump,FALSE
837,Officer Who Shot Alton Sterling Pictured at KKK Rally,FALSE
838,Did a COVID Vaccine Candidate Produce False Positives for HIV?,TRUE
839,Did Johns Hopkins Publish This 'Excellent Summary' of COVID-19 Advice?,FALSE
840,Was a Man in a Trump-Shaped Floatie Charged with Assault for Breathing on People?,TRUE
841,Do Scented Candles Cause Cancer?,Mixture
842,Donald Trump Kicked a Crying Baby Out of a Political Rally,FALSE
843,Can You Defy Pandemic Shutdown Orders and Collect Damages?,FALSE
844,Ford Motors Funds Black Lives Matter,FALSE
845,Trump Attacks God in Tweetstorm,FALSE
846,Did a Muslim Woman Demand Men Leave a Salon So She Could Get Her Hair Styled?,Mixture
847,Will a Trump Order Drop Insulin Price to 'Pennies A Day'?,Mixture
848,Will a COVID-19 Vaccination Get You a Free Krispy Kreme Doughnut?,TRUE
849,Are Boston Public Schools Suspending Advanced Classes Because of Too Many White and Asian Students?,Mixture
850,G20 Ends Abruptly as Obama Calls Putin a Jackass?,FALSE
851,Photograph of Hillary Clinton Slipping on Stairs Circulated as Proof of Poor Health,Mixture
852,Wisconsin to Eliminate All Food Assistance Programs Through 2019,FALSE
853,Did Woodstock Occur During a Pandemic as Lethal as COVID-19?,Mixture
854,Did 'Head of Pfizer Research' Say COVID-19 Vaccine 'Is Female Sterilization'?,FALSE
855,Did Donald Trump Meet with an Anti-Gay Hate Group Shunned by Other Candidates?,Mixture
856,First Lady Michelle Obama Requires More Than Twenty Attendants,FALSE
857,Pence Recaptured After Fleeing Trump Campaign Bus?,FALSE
858,Did a Mother Sue a Hospital Because Her Son Turned Gay from Flu Shot?,FALSE
859,Colin Kaepernick Wears Fidel Castro T-Shirt at Press Conference,TRUE
860,Is COVID-19 a Bacterial Infection Easily Cured with Aspirin?,FALSE
861,Cheez-It Crackers and TBHQ,Mixture
862,Does H.R. 6666 Authorize Removing COVID-19 Patients from Their Homes?,FALSE
863,Did the House Give Itself a $25M Raise in Coronavirus Aid Bill?,FALSE
864,"Huge Crowd at Trump Rally in Panama City, Florida",FALSE
865,4-Year-Old Boy Accused of Hacking FBI Database,FALSE
866,Did Ted Cruz Say Democrats Would Lift COVID Restrictions a Week After the Election?,TRUE
867,Did Trump’s Tulsa Rally Result in 100% Positive COVID-19 Test Rates in Oklahoma?,FALSE
868,Is This a Dolphin Caught in Hurricane Winds?,FALSE
869,Was the White House Built by Slaves?,Mixture
870,Did a Utah School Reopening Plan Include Template Letter in Case a Student Dies?,Mixture
871,"Usain Bolt, Shakira Donated Millions to Haiti After Hurricane Matthew",FALSE
872,Mutation Response Vehicle,FALSE
873,Michigan Farmers Forced to Destroy Edible Cherries to Prop Up Imports?,Mixture
874,Did Tennis Star Serena Williams Write the Viral 'I'm Sick of COVID-19' Post?,FALSE
875,Wisconsin Girl Dies as a Result of Receiving Gardasil HPV Vaccine,FALSE
876,Video: Black Protesters Targeted Whites in Milwaukee?,Mixture
877,Is This Queen Elizabeth Wearing a Yellow Face Mask?,FALSE
878,Did Trump Admin Give $55M to 'Bankrupt Company' for N95 Masks It Doesn't Make?,Mixture
879,Did Jane Fonda Say COVID-19 Was 'God's Gift to the Left'?,TRUE
880,Has US Seen Surge in Hate Crimes Against Asian People During COVID?,TRUE
881,Was COVID-19 Discovered in the US and South Korea on the Same Day?,TRUE
882,The Boy Who Harnessed the Wind,TRUE
883,Is the Pacu a Testicle-Biting Fish?,Mixture
884,Clinton Received Debate Questions Week Before Debate,FALSE
885,Was Sturgis Motorcycle Rally Responsible for 250K Coronavirus Cases?,Mixture
886,Did MSNBC Reporter Say 'I Hope Coronavirus Kills People and Hurts Trump's Reelection'?,FALSE
887,Joel Osteen Endorses Donald Trump,FALSE
888,Fifty Former National Security Officials Disavow Trump in Formal Statement,TRUE
889,Is This a Picture of Congressmembers Sitting During the Pledge of Allegiance?,Mixture
890,Do Bats on 2020 U.S. Quarters Demonstrate a Government COVID-19 Plot?,Mixture
891,Can People Who Recover from COVID-19 Become Reinfected?,Mixture
892,Is This the NFL's New COVID-19 Helmet?,FALSE
893,Trump Threatens to Skip Remaining Debates If Hillary Is There?,FALSE
894,Tim Hortons Adding Marijuana to Their Menu,FALSE
895,Southwest Airlines Las Vegas Ticket Giveaway Scam,FALSE
896,Does This Photo Show Trump Wearing a Protective Mask?,TRUE
897,Hurricane Hermine Waterspout in North Carolina,FALSE
898,Hillary Clinton Has Run No Positive Political Ads?,FALSE
899,Trump: You People Really Believed Me?,FALSE
900,Did Fauci Say Wearing Two Masks Is Better Than One?,TRUE
901,Did the Kenyan Government Have Maasai Tribe Whip People To Enforce Curfew?,FALSE
902,Did Hank Aaron Die From a COVID-19 Vaccination?,Mixture
903,Did Elisa Granato Die from COVID-19 Trial Vaccination?,FALSE
904,Is This 'Social Distancing = Communism' Protest Sign Real?,TRUE
905,Police Shoot Department Store Mannequin 67 Times After Mistaking it for Gunman,FALSE
906,Will Lemons and Hot Water Cure or Prevent COVID-19?,FALSE
907,Did Country Singer Joe Diffie Die from Lung Cancer?,FALSE
908,Did Donald Trump Receive an Ellis Island Award in 1986?,TRUE
909,Fatima Noor Appointed to Homeland Security,Mixture
910,Did a Woman Have a Dead Kitten Removed from Her Vagina?,FALSE
911,"Did Trump Golf, Hold Rallies After Learning About COVID-19 Threat?",TRUE
912,Half-Eaten Shark Washes Up in Daytona,Mixture
913,DidÂ John Kerry Hide His Connection to an Iranian Official with Whom He Negotiated a Nuclear Deal?,FALSE
914,Wisconsin Transgender Students Forced to Wear Green Bracelets?,Mixture
915,Is This a Picture of Biden and Harris in a Crowd Without Face Masks?,FALSE
916,Mexico-Guatemala Border Wall,FALSE
917,Hillary Clinton Was Responsible for the Waco Massacre?,FALSE
918,Could Kids with COVID-19 Symptoms Be Quarantined Without Parental Consent?,FALSE
919,Black Lives Matter Protests Kill Girl Waiting for Transplant in Memphis,FALSE
920,Video Showing Bill Clinton Rape of 13-Year-Old Girl Plunges Presidential Race Into Chaos,FALSE
921,WikiLeaks Exposes Clinton Assassination of Antonin Scalia?,FALSE
922,Does Meme Accurately Compare US COVID Relief Funds to Other Countries'?,Mixture
923,Michele Bachmann on Columbus Day,FALSE
924,Did Trump Tweet That Obama 'Had 8 Years to Prepair the Next President for a Pandemic'?,FALSE
925,Hillary Clinton Hired a Child Actor for a Town Hall Event?,Mixture
926,Scary Clowns Kill 23 People in Canada,FALSE
927,Sylvester Stallone Death Hoax,FALSE
928,Will Over Half A Million Sharks Be Killed for COVID-19 Vaccine?,Mixture
929,Did Melinda Gates Say This About Black People and COVID-19 Vaccination?,TRUE
930,Did Trump Take Credit for 'Beautiful' COVID-19 Vaccine?,TRUE
931,Did Trump Decry Low-Flow Showers and Dishwashers During a Pandemic?,TRUE
932,Dandelion Root Kills 98% of Cancer Cells in 48 Hours?,Mixture
933,No American Flags Present at the Democratic National Convention,FALSE
934,"PokÃ©mon Enthusiast Stabbed, Turns Down Medical Treatment to Keep Playing",TRUE
935,Did Dolly Parton Help Fund a COVID-19 Vaccine?,TRUE
936,Were CA Wineries Ordered to Close Indoor Operations While Newsom’s Remained Open?,Mixture
937,Did the Same Person 'Die Twice' from COVID-19?,FALSE
938,Donald Trump Donated $100k to Anti-Gay Hate Group Instead of Louisiana Flood Victims?,Mixture
939,Was 'Coronavirus' Replaced with 'Chinese Virus' in Trump's Notes?,TRUE
940,Was DNC Worker Seth Conrad Rich Gunned Down on His Way to Meet the FBI?,FALSE
941,Did Trump Praise China for Its 'Transparency' on COVID-19?,TRUE
942,Did Rush Limbaugh Downplay COVID as 'the Common Cold'?,TRUE
943,The Narilatha Flower,FALSE
944,Did Biden Claim There Was No COVID-19 Vaccine When He Came Into Office?,Mixture
945,Did Nostradamus Predict the COVID-19 Pandemic?,FALSE
946,Did a WTC Leaseholder Buy Terrorism Insurance Just Before 9/11?,Mixture
947,Was Oprah's Home Raided in a Sex-Trafficking Sting?,FALSE
948,Allen West Pens Open Letter to Colin Kaepernick,TRUE
949,Does Jared Kushner’s Brother Own a Company Involved in COVID-19 Testing?,Mixture
950,Did Rep. Ilhan Omar Criticize AOC for Getting COVID-19 Vaccine?,Mixture
951,Did Kurt Cobain Predict a Donald Trump Presidency in 1993?,FALSE
952,The Tragic Life Experiences of Dallas Police Chief David Brown,TRUE
953,Did a Woman Stab Her Baby to Get Revenge on Her Boyfriend?,FALSE
954,Will Eating Bananas Prevent Coronavirus Infection?,FALSE
955,Hillary Clinton Used Green Screen to Make a Fake Crowd in Nevada,FALSE
956,Is FEMA Covering Funeral Expenses for People Who Died From COVID-19?,TRUE
957,Nicolas Cage Death Hoax,FALSE
958,Was Fox News' John Roberts Caught on Hot Mic Discussing COVID-19 as a Hoax?,FALSE
959,Did Former U.S. Rep. Trey Gowdy Suggest COVID-19 Was a Conspiracy Against Trump?,FALSE
960,"Shipment of Samsung Smartphones Explodes During Transport, 3 Dead",FALSE
961,Did Trump Say Governors Had To Treat Him Well To Get COVID-19 Supplies?,Mixture
962,Did COVID-19 Kill Chuck Norris?,FALSE
963,Is the 1950s ‘Thalidomide Tragedy’ Indicative of COVID-19 Vaccine Risks?,Mixture
964,Is Clinton-Owned Medical Supply Price Gouging During COVID-19 Pandemic?,FALSE
965,Did George Orwell's '1984' Predict COVID-19 Restrictions?,FALSE
966,Has Child Prostitution Been Legalized in California?,Mixture
967,NFL Fining Players for Wearing 9/11 Memorial Cleats?,Mixture
968,Did Trump Tweet 'Some Oldies Will Have to Die'?,FALSE
969,Were Tennessee Schoolchildren Forced to Bow Down to Allah?,FALSE
970,Was the Empire State Building Lit Green on 9/11 for a Muslim Holiday?,FALSE
971,Did Chuck Woolery Say His Son Tested Positive for COVID-19?,TRUE
972,Is This a PSA About Reopening the Economy?,FALSE
973,Does the Supplement InteliGEN Increase Intelligence?,Mixture
974,"No, Sloan Kettering Did Not Say mRNA Vaccines 'Promote Cancer'",FALSE
975,Trump Blasts Media for Reporting Things He Says?,FALSE
976,Are German Police Wearing Chainmail to Defend Against Refugee Attacks?,FALSE
977,Does Pfizer 'Page 132' Warn Against Unprotected Sex After COVID-19 Vaccine?,FALSE
978,Did Tanzania's President Expose Faulty COVID-19 Testing by Submitting Non-Human Samples?,Mixture
